Date,Day
1/1/2017,Sunday
2/1/2017,Monday
3/1/2017,Tuesday
4/1/2017,Wednesday
5/1/2017,Thursday
6/1/2017,Friday
7/1/2017,Saturday
8/1/2017,Sunday
8/3/2017,Sunday
9/1/2017,Monday
10/1/2017,Tuesday
11/1/2017,Wednesday
12/1/2017,Thursday
13/01/2017,Friday
14/01/2017,Saturday
15/01/2017,Sunday
16/01/2017,Monday
17/01/2017,Tuesday
18/01/2017,Wednesday
19/01/2017,Thursday
20/01/2017,Friday
21/01/2017,Saturday
22/01/2017,Sunday
23/01/2017,Monday
24/01/2017,Tuesday
25/01/2017,Wednesday
26/01/2017,Thursday
27/01/2017,Friday
28/01/2017,Saturday
29/01/2017,Sunday
30/01/2017,Monday
31/01/2017,Tuesday
1/2/2017,Wednesday
2/2/2017,Thursday
3/2/2017,Friday
4/2/2017,Saturday
5/2/2017,Sunday
6/2/2017,Monday
7/2/2017,Tuesday
8/2/2017,Wednesday
9/2/2017,Thursday
10/2/2017,Friday
11/2/2017,Saturday
12/2/2017,Sunday
13/02/2017,Monday
14/02/2017,Tuesday
15/02/2017,Wednesday
16/02/2017,Thursday
17/02/2017,Friday
18/02/2017,Saturday
19/02/2017,Sunday
20/02/2017,Monday
21/02/2017,Tuesday
22/02/2017,Wednesday
23/02/2017,Thursday
24/02/2017,Friday
25/02/2017,Saturday
26/02/2017,Sunday
27/02/2017,Monday
28/02/2017,Tuesday
1/3/2017,Wednesday
2/3/2017,Thursday
3/3/2017,Friday
4/3/2017,Saturday
5/3/2017,Sunday
6/3/2017,Monday
7/3/2017,Tuesday
8/3/2017,Wednesday
9/3/2017,Thursday
10/3/2017,Friday
11/3/2017,Saturday
12/3/2017,Sunday
13/03/2017,Monday
14/03/2017,Tuesday
15/03/2017,Wednesday
16/03/2017,Thursday
17/03/2017,Friday
18/03/2017,Saturday
19/03/2017,Sunday
20/03/2017,Monday
21/03/2017,Tuesday
22/03/2017,Wednesday
23/03/2017,Thursday
24/03/2017,Friday
25/03/2017,Saturday
26/03/2017,Sunday
27/03/2017,Monday
28/03/2017,Tuesday
29/03/2017,Wednesday
30/03/2017,Thursday
31/03/2017,Friday
1/4/2017,Saturday
2/4/2017,Sunday
3/4/2017,Monday
4/4/2017,Tuesday
5/4/2017,Wednesday
6/4/2017,Thursday
7/4/2017,Friday
8/4/2017,Saturday
9/4/2017,Sunday
10/4/2017,Monday
11/4/2017,Tuesday
12/4/2017,Wednesday
13/04/2017,Thursday
14/04/2017,Friday
15/04/2017,Saturday
16/04/2017,Sunday
17/04/2017,Monday
18/04/2017,Tuesday
19/04/2017,Wednesday
20/04/2017,Thursday
21/04/2017,Friday
22/04/2017,Saturday
23/04/2017,Sunday
24/04/2017,Monday
25/04/2017,Tuesday
26/04/2017,Wednesday
27/04/2017,Thursday
28/04/2017,Friday
29/04/2017,Saturday
30/04/2017,Sunday
1/5/2017,Monday
2/5/2017,Tuesday
3/5/2017,Wednesday
4/5/2017,Thursday
5/5/2017,Friday
6/5/2017,Saturday
7/5/2017,Sunday
8/5/2017,Monday
9/5/2017,Tuesday
10/5/2017,Wednesday
11/5/2017,Thursday
12/5/2017,Friday
13/05/2017,Saturday
14/05/2017,Sunday
15/05/2017,Monday
16/05/2017,Tuesday
17/05/2017,Wednesday
18/05/2017,Thursday
19/05/2017,Friday
20/05/2017,Saturday
21/05/2017,Sunday
22/05/2017,Monday
23/05/2017,Tuesday
24/05/2017,Wednesday
25/05/2017,Thursday
26/05/2017,Friday
27/05/2017,Saturday
28/05/2017,Sunday
29/05/2017,Monday
30/05/2017,Tuesday
31/05/2017,Wednesday
1/6/2017,Thursday
2/6/2017,Friday
3/6/2017,Saturday
4/6/2017,Sunday
5/6/2017,Monday
6/6/2017,Tuesday
7/6/2017,Wednesday
8/6/2017,Thursday
9/6/2017,Friday
10/6/2017,Saturday
11/6/2017,Sunday
12/6/2017,Monday
13/06/2017,Tuesday
14/06/2017,Wednesday
15/06/2017,Thursday
16/06/2017,Friday
17/06/2017,Saturday
18/06/2017,Sunday
19/06/2017,Monday
20/06/2017,Tuesday
21/06/2017,Wednesday
22/06/2017,Thursday
23/06/2017,Friday
24/06/2017,Saturday
25/06/2017,Sunday
26/06/2017,Monday
27/06/2017,Tuesday
28/06/2017,Wednesday
29/06/2017,Thursday
30/06/2017,Friday
1/7/2017,Saturday
2/7/2017,Sunday
3/7/2017,Monday
4/7/2017,Tuesday
5/7/2017,Wednesday
6/7/2017,Thursday
7/7/2017,Friday
8/7/2017,Saturday
9/7/2017,Sunday
10/7/2017,Monday
11/7/2017,Tuesday
12/7/2017,Wednesday
13/07/2017,Thursday
14/07/2017,Friday
15/07/2017,Saturday
16/07/2017,Sunday
17/07/2017,Monday
18/07/2017,Tuesday
19/07/2017,Wednesday
20/07/2017,Thursday
21/07/2017,Friday
22/07/2017,Saturday
23/07/2017,Sunday
24/07/2017,Monday
25/07/2017,Tuesday
26/07/2017,Wednesday
27/07/2017,Thursday
28/07/2017,Friday
29/07/2017,Saturday
30/07/2017,Sunday
31/07/2017,Monday
1/8/2017,Tuesday
2/8/2017,Wednesday
3/8/2017,Thursday
4/8/2017,Friday
5/8/2017,Saturday
6/8/2017,Sunday
7/8/2017,Monday
8/8/2017,Tuesday
9/8/2017,Wednesday
10/8/2017,Thursday
11/8/2017,Friday
12/8/2017,Saturday
13/08/2017,Sunday
14/08/2017,Monday
15/08/2017,Tuesday
16/08/2017,Wednesday
17/08/2017,Thursday
18/08/2017,Friday
19/08/2017,Saturday
20/08/2017,Sunday
21/08/2017,Monday
22/08/2017,Tuesday
23/08/2017,Wednesday
24/08/2017,Thursday
25/08/2017,Friday
26/08/2017,Saturday
27/08/2017,Sunday
28/08/2017,Monday
29/08/2017,Tuesday
30/08/2017,Wednesday
31/08/2017,Thursday
1/9/2017,Friday
2/9/2017,Saturday
3/9/2017,Sunday
4/9/2017,Monday
5/9/2017,Tuesday
6/9/2017,Wednesday
7/9/2017,Thursday
8/9/2017,Friday
9/9/2017,Saturday
10/9/2017,Sunday
11/9/2017,Monday
12/9/2017,Tuesday
13/09/2017,Wednesday
14/09/2017,Thursday
15/09/2017,Friday
16/09/2017,Saturday
17/09/2017,Sunday
18/09/2017,Monday
19/09/2017,Tuesday
20/09/2017,Wednesday
21/09/2017,Thursday
22/09/2017,Friday
23/09/2017,Saturday
24/09/2017,Sunday
25/09/2017,Monday
26/09/2017,Tuesday
27/09/2017,Wednesday
28/09/2017,Thursday
29/09/2017,Friday
30/09/2017,Saturday
1/10/2017,Sunday
2/10/2017,Monday
3/10/2017,Tuesday
4/10/2017,Wednesday
5/10/2017,Thursday
6/10/2017,Friday
7/10/2017,Saturday
8/10/2017,Sunday
9/10/2017,Monday
10/10/2017,Tuesday
11/10/2017,Wednesday
12/10/2017,Thursday
13/10/2017,Friday
14/10/2017,Saturday
15/10/2017,Sunday
16/10/2017,Monday
17/10/2017,Tuesday
18/10/2017,Wednesday
19/10/2017,Thursday
20/10/2017,Friday
21/10/2017,Saturday
22/10/2017,Sunday
23/10/2017,Monday
24/10/2017,Tuesday
25/10/2017,Wednesday
26/10/2017,Thursday
27/10/2017,Friday
28/10/2017,Saturday
29/10/2017,Sunday
30/10/2017,Monday
31/10/2017,Tuesday
1/11/2017,Wednesday
2/11/2017,Thursday
3/11/2017,Friday
4/11/2017,Saturday
5/11/2017,Sunday
6/11/2017,Monday
7/11/2017,Tuesday
8/11/2017,Wednesday
9/11/2017,Thursday
10/11/2017,Friday
11/11/2017,Saturday
12/11/2017,Sunday
13/11/2017,Monday
14/11/2017,Tuesday
15/11/2017,Wednesday
16/11/2017,Thursday
17/11/2017,Friday
18/11/2017,Saturday
19/11/2017,Sunday
20/11/2017,Monday
21/11/2017,Tuesday
22/11/2017,Wednesday
23/11/2017,Thursday
24/11/2017,Friday
25/11/2017,Saturday
26/11/2017,Sunday
27/11/2017,Monday
28/11/2017,Tuesday
29/11/2017,Wednesday
30/11/2017,Thursday
1/12/2017,Friday
2/12/2017,Saturday
3/12/2017,Sunday
4/12/2017,Monday
5/12/2017,Tuesday
6/12/2017,Wednesday
7/12/2017,Thursday
8/12/2017,Friday
9/12/2017,Saturday
10/12/2017,Sunday
11/12/2017,Monday
12/12/2017,Tuesday
13/12/2017,Wednesday
14/12/2017,Thursday
15/12/2017,Friday
16/12/2017,Saturday
17/12/2017,Sunday
18/12/2017,Monday
19/12/2017,Tuesday
20/12/2017,Wednesday
25/12/2017,Sunday
21/12/2017,Thursday
22/12/2017,Friday
23/12/2017,Saturday
24/12/2017,Sunday
25/12/2017,Monday
26/12/2017,Tuesday
27/12/2017,Tuesday
28/12/2017,Wednesday
29/12/2017,Friday
29/12/2017,Friday
30/12/2017,Saturday
31/12/2017,Sunday
