Skinny Girl in Transit S5E8: Two Can Play	
Buhari Booed, Called A Liar At National Assembly; How To Get Full College Scholarship	
His Actions Is Like BUHARI Or JUBRIL Of SUDAN	
Best Friends In The World | EP6 - The Christmas Dance	
Buhari In Uyo To Flag Off Presidential Campaign |Live Event|	
Watch: Psquare Finally Back Together As They Make New Song	
CHRISTMAS VIDEO Part Two (Mark Angel Comedy) (Episode 189)	
Yawan fidda maniyi da wuri	
Mama Landlady Latest Yoruba Movie 2018 Comedy Starring Fathia Balogun | Ayo Adesanya | Kemi Afolabi	
Minute by Minute: Buhari arrives at his 2019 Presidential Campaign Flag-off	
Manchester United vs Bournemouth 4-1 Highlights 2018	
Dadin Kowa Sabon Salo Episode 86	
See How Funke Akindele & Her Twins Celebrated Christmas Together	
Juventus 2-1 Sampdoria | Ronaldo Double as Unbeaten Run Continues! | Serie A	
Alagbawi Aye - New Intriguing Yoruba Movie 2018 Starring Odunlade Adekola, Mide Martins.	
Davido's Grand Entrance At The City Of Davido's Concert	
Bukunmi Oluwashina on GbajumoTV  - Christmas Edition	
Hot Video  :How Lawmakers Boo Buhari, Call Him Liar During 2019 Budget presentation	
free Internet WiFi Using Sim Card with Spark Plug Generator	
WOLIAGBA Skit Compilation vol. 3	
Yau Shugaba Buhari Yaga Abin Mamaki A Zuwansa Ta'aziyyar Marigayi Shehu Shagari Sokoto	
Santa Claus Vs Father Christmas (Xploit Comedy)	
Funke Akindele Welcomes Set Of Twins Despite Prophecy She'll Never Give Birth	
Teni - Uyo Meyo (Official Audio)	
My Kids And i - Season 4 Episode 12 - Soul Mate Studio	
SIDE CHICK PART 18, Splendid meets Tracia	
Ado Edan 2 Latest Yoruba Movie 2018 Drama Starring Odunlade Adekola | Ifedayo Rufai | Wunmi Ajiboye	
Wizkid Visit Davido And Chioma On Christmas With Tiwa Savage	
Wizkid #MadeInLagos Shutdown Festival - Live Stream | Powered by XChange.NG	
Omo Ibadan Latest Yoruba Movie 2018 Comedy Drama Starring Funmi Awelewa | Monsuru | Jaiye Kuti	
HOW TO LONG & STRONG P SIZE UP TO 9 INCH NATURALLY ONLY 7 DAYS - Skin Benefits Of Vaseline	
Liverpool 5-1 Arsenal | It's Not Emery's Fault Stan Kroenke Is Poison!! (Troopz)	
Jenifa's diary Season 14 Episode 4 - Coming to SceneOneTV App on the 23rd of Dec, 2018	
HOMOSEXUAL PROSTITUTE boy who sleeps with countless Men a Day delivered - Prophecy with Alph Lukau	
My Luv! Ooni Of Ife Wife Calls Her Husband Sweet Names As She Bows To Welcome Him To Her Show	
Liverpool vs Arsenal 5-1 2018/19 English commmentary	
Jubril/Buhari's Family Member Finally Speaks Out on my Channel	
Cry—ït–∞l P–∞l–∞c–µ vs Ch–µl—ï–µ–∞ 0‚àí1 - All G–æals & Ext–µnd–µd H—ñghl—ñghts - 2018	
Best way I stay Healthy	
KOJO IN LAGOS 2	
12 Reasons Why Atiku Cannot Be Nigeria's President	
WWE 2K19 Giant Ronda Rousey vs Mini Brock Lesnar Match!	
Kalli kaga abinda aka kamasu sunayi kaci dariya	
Cr—ñ—ït—ñan–æ R–æn–∞ld–æ vs As Roma (22/12/2018) | üîµ 1080i	
Manchester United vs Bounermouth 4-1 Extended Highlights & Goals - 30/12/2018	
My School Assignment | MC SHEM COMEDIAN	
Nigeria 2019 VP DEBATE PERFORMANCE Summary:  How Peter Obi Won The Debate  And Shamed APC With Facts	
When you tell your bae about your side chick ü§£ (Xploit Comedy)	
Flavour - Awele (Featuring Umu Obiligbo) [Official Video]	
Cr—ñ—ït—ñan–æ R–æn–∞ld–æ vs –Ö–∞m—Äd–ær—ñ–∞ | 2018 HD 1080i	
Vice-Presidential Debate Pt.8: Peter Obi, Osinbajo Disagree Over Subsidy On Petroleum Products	
Funke Akindele Goes Crazy As She Finally Becomes A Mother	
Davido - Wonder Woman (Official Video)	
Yeye Alara 2 Latest Yoruba Movie 2018 Drama Starring Odunlade Adekola | Eniola Ajao | Ireti Osayemi	
Olamide - Poverty Die	
2018 AWCON FINALS NIGERIA-4 - SOUTH AFRICA-3 (PENALTIES)	
Nigerian Parents and their Wahala	
Marvel Studios' Avengers - Official Trailer	
OFA ROBBERY [ODUNLADE ADEKOLA] - Latest Yoruba Movies| 2018 Yoruba Movies| YORUBA| Yoruba Movies	
